date;RefSt;Sensor_O3;Temp;RelHum
21/06/2017 7:00;15.0;36.3637;21.77;53.97
21/06/2017 7:30;15.0;34.8593;25.5;42.43
21/06/2017 8:00;19.0;37.351;27.97;34.93
21/06/2017 8:30;26.0;43.6993;29.41;32.07
21/06/2017 9:00;34.0;53.96;30.2;30.83
21/06/2017 9:30;47.0;81.314;31.13;30.27
21/06/2017 10:00;67.0;164.7097;32.93;28.47
21/06/2017 10:30;89.0;298.7056;33.0;28.11
21/06/2017 11:00;100.0;311.133;33.07;28.1
21/06/2017 11:30;113.0;351.3267;33.43;28.13
21/06/2017 12:00;124.0;372.6237;35.27;27.1
21/06/2017 12:30;120.0;330.2337;35.83;26.97
21/06/2017 13:00;121.0;308.465;37.13;26.3
21/06/2017 13:30;125.0;305.022;38.87;25.27
21/06/2017 14:00;115.0;314.5213;30.67;30.33
21/06/2017 14:30;104.0;407.6373;20.57;56.83
21/06/2017 15:00;86.0;404.6833;19.1;68.17
21/06/2017 15:30;70.0;259.6717;20.0;68.0
21/06/2017 16:00;56.0;188.4243;20.37;68.17
21/06/2017 16:30;52.0;135.453;21.47;64.33
21/06/2017 17:00;48.0;113.7677;23.33;61.23
21/06/2017 17:30;46.0;90.5667;24.0;59.47
21/06/2017 18:00;51.0;103.7277;24.4;56.83
21/06/2017 18:30;61.0;129.7387;24.2;55.1
21/06/2017 19:00;60.0;131.3393;24.0;56.43
21/06/2017 19:30;61.0;140.064;24.0;54.67
21/06/2017 20:00;60.0;139.6553;24.0;53.53
21/06/2017 20:30;49.0;95.1857;23.27;57.1
21/06/2017 21:00;44.0;81.653;22.07;62.17
21/06/2017 21:30;45.0;92.8713;21.07;65.33
21/06/2017 22:00;20.0;46.3413;21.0;66.87
21/06/2017 22:30;6.0;30.267;21.0;67.33
21/06/2017 23:00;6.0;29.784;20.33;71.67
21/06/2017 23:30;4.0;27.9086;20.0;75.72
22/06/2017 0:00;3.0;26.5593;20.0;78.43
22/06/2017 0:30;2.0;25.6373;20.0;79.17
22/06/2017 1:00;2.0;24.8407;19.23;78.0
22/06/2017 1:30;5.0;27.2787;18.87;78.37
22/06/2017 2:00;4.0;27.5937;18.17;79.03
22/06/2017 2:30;5.0;26.31;18.0;81.0
22/06/2017 3:00;5.0;26.438;18.0;81.0
22/06/2017 3:30;1.0;24.1397;18.0;77.7
22/06/2017 4:00;1.0;25.0283;18.0;76.7
22/06/2017 4:30;1.0;24.6473;18.0;76.97
22/06/2017 5:00;1.0;24.504;18.0;79.13
22/06/2017 5:30;1.0;24.229;18.0;77.43
22/06/2017 6:00;1.0;23.9923;18.0;76.37
22/06/2017 6:30;1.0;24.6133;18.2;76.8
22/06/2017 7:00;1.0;24.5233;18.53;77.47
22/06/2017 7:30;1.0;23.8043;19.47;77.5
22/06/2017 8:00;6.0;25.849;23.9;68.53
22/06/2017 8:30;9.0;27.566;22.83;58.83
22/06/2017 9:00;13.0;30.741;25.23;55.43
22/06/2017 9:30;16.0;32.3463;29.17;45.93
22/06/2017 10:00;32.0;47.213;31.23;41.3
22/06/2017 10:30;41.0;62.1357;32.6;38.13
22/06/2017 11:00;67.0;143.9323;30.43;41.07
22/06/2017 11:30;77.0;186.997;31.77;39.6
22/06/2017 12:00;103.0;256.9717;34.43;35.9
22/06/2017 12:30;109.0;303.234;35.93;30.73
22/06/2017 13:00;117.0;343.2943;36.83;27.8
22/06/2017 13:30;119.0;342.905;37.97;26.87
22/06/2017 14:00;133.0;366.9223;38.63;26.2
22/06/2017 14:30;151.0;438.3617;39.03;25.83
22/06/2017 15:00;176.0;496.8997;39.23;25.03
22/06/2017 15:30;213.0;636.8563;35.9;27.07
22/06/2017 16:00;203.0;577.7993;35.3;28.13
22/06/2017 16:30;154.0;544.3303;28.4;35.03
22/06/2017 17:00;132.0;453.7963;26.47;42.4
22/06/2017 17:30;105.0;357.0648;26.0;44.93
22/06/2017 18:00;97.0;306.5093;26.0;45.93
22/06/2017 18:30;75.0;204.8983;25.6;47.8
22/06/2017 19:00;72.0;151.4577;25.0;51.83
22/06/2017 19:30;73.0;170.2757;25.57;51.03
22/06/2017 20:00;52.0;98.6653;25.0;52.3
22/06/2017 20:30;39.0;63.2213;24.83;54.57
22/06/2017 21:00;30.0;53.3923;24.0;62.83
22/06/2017 21:30;25.0;41.329;24.0;63.97
22/06/2017 22:00;23.0;42.7263;23.73;64.23
22/06/2017 22:30;14.0;32.646;23.03;66.3
22/06/2017 23:00;9.0;26.9907;22.77;67.33
22/06/2017 23:30;9.0;28.396;22.0;69.27
23/06/2017 0:00;15.0;35.513;22.0;68.67
23/06/2017 0:30;9.0;27.9373;21.53;68.57
23/06/2017 1:00;12.0;30.8543;21.0;67.6
23/06/2017 1:30;12.0;30.3957;21.0;70.0
23/06/2017 2:00;14.0;32.671;20.9;71.5
23/06/2017 2:30;4.0;24.83;20.0;73.0
23/06/2017 3:00;3.0;24.8988;20.0;73.41
23/06/2017 3:30;3.0;24.8617;19.37;74.77
23/06/2017 4:00;1.0;24.0223;19.0;76.6
23/06/2017 4:30;1.0;24.0943;19.0;78.27
23/06/2017 5:00;1.0;24.506;18.87;78.8
23/06/2017 5:30;2.0;24.2653;18.0;82.4
23/06/2017 6:00;1.0;23.9973;18.0;83.1
23/06/2017 6:30;2.0;24.284;18.23;82.0
23/06/2017 7:00;3.0;25.1527;18.8;83.2
23/06/2017 7:30;5.0;25.0207;19.6;80.97
23/06/2017 8:00;5.0;24.95;20.87;74.33
23/06/2017 8:30;8.0;26.2921;25.38;64.38
23/06/2017 9:00;12.0;27.88;29.1;45.53
23/06/2017 9:30;25.0;37.689;30.57;43.17
23/06/2017 10:00;36.0;53.599;34.07;35.6
23/06/2017 10:30;56.0;117.9297;34.07;32.1
23/06/2017 11:00;80.0;231.758;31.53;35.33
23/06/2017 11:30;102.0;315.838;33.57;32.17
23/06/2017 12:00;119.0;382.207;34.93;29.6
23/06/2017 12:30;127.0;394.939;35.97;28.03
23/06/2017 13:00;147.0;433.065;37.43;27.07
23/06/2017 13:30;153.0;457.8423;38.03;26.97
23/06/2017 14:00;170.0;509.4663;38.67;25.77
23/06/2017 14:30;159.0;476.4873;39.23;24.93
23/06/2017 15:00;164.0;493.1363;39.27;24.97
23/06/2017 15:30;188.0;541.3257;38.67;25.33
23/06/2017 16:00;205.0;590.0567;37.97;26.07
23/06/2017 16:30;197.0;558.9123;37.4;26.23
23/06/2017 17:00;183.0;516.5057;37.23;26.53
23/06/2017 17:30;174.0;487.3723;36.73;27.17
23/06/2017 18:00;170.0;438.2833;36.2;27.8
23/06/2017 18:30;160.0;433.9453;36.03;27.83
23/06/2017 19:00;145.0;398.8723;34.77;28.23
23/06/2017 19:30;129.0;339.8383;34.1;28.7
23/06/2017 20:00;121.0;351.7063;31.97;30.33
23/06/2017 20:30;105.0;309.1833;30.27;32.33
23/06/2017 21:00;96.0;271.7023;29.03;34.43
23/06/2017 21:30;85.0;225.3317;28.0;38.3
23/06/2017 22:00;80.0;209.5217;27.4;40.47
23/06/2017 22:30;75.0;178.2633;26.43;41.6
23/06/2017 23:00;70.0;164.937;25.97;43.0
23/06/2017 23:30;66.0;144.053;25.33;43.27
24/06/2017 0:00;45.0;68.6453;24.0;46.1
24/06/2017 0:30;33.0;53.739;24.0;47.0
24/06/2017 1:00;38.0;62.6133;23.37;50.0
24/06/2017 1:30;47.0;81.782;22.9;51.87
24/06/2017 2:00;29.0;60.127;21.97;53.4
24/06/2017 2:30;19.0;36.33;21.0;62.0
24/06/2017 3:00;19.0;36.5021;20.89;61.89
24/06/2017 3:30;22.0;38.674;20.0;59.63
24/06/2017 4:00;20.0;37.6367;20.0;64.2
24/06/2017 4:30;15.0;35.0787;19.63;66.8
24/06/2017 5:00;14.0;34.312;19.07;67.27
24/06/2017 5:30;10.0;31.0727;19.33;67.0
24/06/2017 6:00;11.0;31.9737;19.0;67.17
24/06/2017 6:30;9.0;31.43;19.57;67.1
24/06/2017 7:00;12.0;31.5413;22.5;61.17
24/06/2017 7:30;13.0;32.0063;25.47;48.63
24/06/2017 8:00;22.0;40.6823;28.1;44.57
24/06/2017 8:30;25.0;47.615;29.93;41.53
24/06/2017 9:00;36.0;61.276;31.0;38.4
24/06/2017 9:30;50.0;99.4277;32.87;35.9
24/06/2017 10:00;83.0;258.7893;34.67;30.0
24/06/2017 10:30;94.0;317.14;34.3;29.33
24/06/2017 11:00;107.0;370.7093;32.33;30.57
24/06/2017 11:30;115.0;399.4183;32.87;30.53
24/06/2017 12:00;128.0;415.1269;33.69;29.45
24/06/2017 12:30;133.0;459.5813;34.5;28.5
24/06/2017 13:00;136.0;456.808;35.13;28.03
24/06/2017 13:30;142.0;471.3033;35.93;28.0
24/06/2017 14:00;150.0;487.8687;36.17;27.83
24/06/2017 14:30;167.0;518.6803;36.37;27.63
24/06/2017 15:00;178.0;499.5897;36.2;28.23
24/06/2017 15:30;170.0;466.2773;35.77;29.1
24/06/2017 16:00;160.0;432.6107;35.67;29.87
24/06/2017 16:30;154.0;429.903;35.3;30.03
24/06/2017 17:00;149.0;430.6617;34.6;30.3
24/06/2017 17:30;143.0;416.016;33.7;30.97
24/06/2017 18:00;136.0;406.006;32.0;32.17
24/06/2017 18:30;128.0;395.6617;31.0;33.73
24/06/2017 19:00;119.0;326.215;31.73;34.37
24/06/2017 19:30;113.0;314.4813;30.83;35.0
24/06/2017 20:00;108.0;307.344;29.97;37.9
24/06/2017 20:30;102.0;298.362;28.63;40.67
24/06/2017 21:00;97.0;302.76;27.7;43.17
24/06/2017 21:30;95.0;294.0197;26.43;44.57
24/06/2017 22:00;86.0;255.1377;26.0;45.7
24/06/2017 22:30;81.0;230.3373;25.33;46.4
24/06/2017 23:00;68.0;168.9113;24.53;47.93
24/06/2017 23:30;60.0;122.4747;24.0;51.6
25/06/2017 0:00;40.0;67.431;24.0;52.07
25/06/2017 0:30;37.0;57.369;24.0;53.97
25/06/2017 1:00;42.0;60.1163;23.07;53.53
25/06/2017 1:30;51.0;106.924;23.0;56.37
25/06/2017 2:00;52.0;120.8273;22.4;56.4
25/06/2017 2:30;36.0;52.52;22.0;65.0
25/06/2017 3:00;35.0;62.3133;22.0;62.06
25/06/2017 3:30;38.0;79.535;21.4;62.57
25/06/2017 4:00;32.0;69.1643;21.0;64.9
25/06/2017 4:30;37.0;78.575;21.0;62.13
25/06/2017 5:00;32.0;69.7;21.0;65.7
25/06/2017 5:30;27.0;62.6013;21.0;68.23
25/06/2017 6:00;24.0;53.7573;20.9;72.87
25/06/2017 6:30;22.0;47.5843;21.0;74.87
25/06/2017 7:00;15.0;38.5227;21.0;75.23
25/06/2017 7:30;17.0;36.3583;21.4;74.0
25/06/2017 8:00;24.0;45.477;22.5;68.3
25/06/2017 8:30;30.0;50.022;24.0;65.4
25/06/2017 9:00;35.0;55.1877;25.27;61.17
25/06/2017 9:30;36.0;56.6597;24.47;61.5
25/06/2017 10:00;42.0;68.462;26.83;57.47
25/06/2017 10:30;52.0;98.5217;27.86;48.03
25/06/2017 11:00;57.0;124.2543;25.9;52.53
25/06/2017 11:30;65.0;167.5583;26.13;52.53
25/06/2017 12:00;62.0;176.7307;25.2;54.37
25/06/2017 12:30;58.0;158.213;25.83;56.57
25/06/2017 13:00;61.0;190.3437;24.17;61.83
25/06/2017 13:30;71.0;235.152;24.27;61.23
25/06/2017 14:00;63.0;189.8817;24.67;63.23
25/06/2017 14:30;67.0;185.7513;27.23;52.3
25/06/2017 15:00;69.0;202.221;26.77;53.47
25/06/2017 15:30;78.0;212.2213;29.0;47.73
25/06/2017 16:00;87.0;236.592;31.17;43.97
25/06/2017 16:30;94.0;273.156;31.83;42.27
25/06/2017 17:00;104.0;311.1303;30.63;43.3
25/06/2017 17:30;101.0;288.4153;31.27;42.43
25/06/2017 18:00;105.0;303.1523;30.0;43.13
25/06/2017 18:30;102.0;323.1823;29.47;43.9
25/06/2017 19:00;100.0;341.7797;29.0;43.73
25/06/2017 19:30;103.0;330.2113;28.6;44.4
25/06/2017 20:00;103.0;325.8877;28.0;45.0
25/06/2017 20:30;88.0;280.427;26.5;47.3
25/06/2017 21:00;81.0;249.586;26.0;50.2
25/06/2017 21:30;76.0;218.7253;25.0;53.73
25/06/2017 22:00;72.0;210.1667;24.2;57.47
25/06/2017 22:30;67.0;189.5973;24.0;59.0
25/06/2017 23:00;49.0;130.7923;23.9;62.83
25/06/2017 23:30;44.0;118.7173;23.0;65.2
26/06/2017 0:00;42.0;99.3417;23.0;65.63
26/06/2017 0:30;41.0;87.9587;23.0;64.07
26/06/2017 1:00;34.0;66.4903;22.93;64.77
26/06/2017 1:30;27.0;49.3703;22.17;68.1
26/06/2017 2:00;17.0;39.0783;22.0;68.1
26/06/2017 2:30;17.0;34.33;22.0;69.0
26/06/2017 3:00;15.0;35.4081;21.31;69.88
26/06/2017 3:30;19.0;36.976;21.0;71.13
26/06/2017 4:00;14.0;32.968;21.0;69.67
26/06/2017 4:30;13.0;33.6453;21.0;72.37
26/06/2017 5:00;18.0;37.328;21.0;74.6
26/06/2017 5:30;10.0;31.7147;21.0;74.3
26/06/2017 6:00;4.0;26.2313;20.6;73.9
26/06/2017 6:30;4.0;24.7677;20.77;73.1
26/06/2017 7:00;6.0;25.9973;21.0;73.1
26/06/2017 7:30;5.0;26.0207;21.0;73.23
26/06/2017 8:00;5.0;20.8337;21.03;74.0
26/06/2017 8:30;6.0;23.6233;21.0;73.47
26/06/2017 9:00;8.0;26.4837;22.1;71.73
26/06/2017 9:30;14.0;29.2093;24.73;63.4
26/06/2017 10:00;25.0;35.2133;27.37;52.23
26/06/2017 10:30;52.0;89.6677;31.1;42.27
26/06/2017 11:00;71.0;195.822;28.8;41.93
26/06/2017 13:30;117.0;473.8037;33.97;28.87
26/06/2017 14:00;121.0;461.0973;34.13;28.37
26/06/2017 14:30;111.0;388.6827;34.4;28.3
26/06/2017 15:00;119.0;422.699;33.97;28.7
26/06/2017 15:30;138.0;578.9003;33.2;28.23
26/06/2017 16:00;138.0;592.3537;32.4;28.77
26/06/2017 16:30;143.0;599.714;33.57;28.17
26/06/2017 17:00;146.0;636.7897;32.27;28.67
26/06/2017 17:30;146.0;654.5033;32.9;28.2
26/06/2017 18:00;141.0;601.4073;32.77;28.17
26/06/2017 18:30;129.0;598.7817;30.33;29.7
26/06/2017 19:00;120.0;576.5477;30.03;29.97
26/06/2017 19:30;112.0;554.5879;29.0;30.0
26/06/2017 20:00;110.0;546.2503;28.6;30.43
26/06/2017 20:30;107.0;502.723;28.0;31.0
26/06/2017 21:00;99.0;453.8663;27.63;31.13
26/06/2017 21:30;84.0;374.6327;26.3;32.6
26/06/2017 22:00;82.0;328.751;25.37;33.07
26/06/2017 22:30;80.0;314.908;24.97;33.97
26/06/2017 23:00;79.0;292.8687;24.0;36.43
26/06/2017 23:30;69.0;231.985;23.4;38.4
27/06/2017 0:00;65.0;209.2587;22.63;43.13
27/06/2017 0:30;60.0;182.4797;22.0;45.17
27/06/2017 1:00;56.0;150.056;21.77;46.97
27/06/2017 1:30;56.0;153.55;21.0;48.87
27/06/2017 2:00;56.0;175.1193;20.9;50.73
27/06/2017 2:30;53.0;179.4;20.0;52.0
27/06/2017 3:00;47.0;182.4819;19.0;52.0
27/06/2017 3:30;49.0;191.757;19.0;52.6
27/06/2017 4:00;46.0;158.3753;19.0;52.8
27/06/2017 4:30;41.0;134.9933;18.43;54.3
27/06/2017 5:00;27.0;59.2223;18.0;55.4
27/06/2017 5:30;17.0;44.175;17.47;61.1
27/06/2017 6:00;14.0;39.026;17.07;66.23
27/06/2017 6:30;21.0;45.845;17.63;66.93
27/06/2017 7:00;20.0;50.2653;21.47;56.17
27/06/2017 7:30;24.0;49.6467;25.17;44.93
27/06/2017 8:00;27.0;54.5493;27.2;40.43
27/06/2017 8:30;30.0;61.033;28.03;38.03
27/06/2017 9:00;40.0;69.8887;29.73;34.93
27/06/2017 9:30;50.0;100.2637;30.8;34.1
27/06/2017 10:00;67.0;195.9437;32.93;30.37
27/06/2017 10:30;85.0;284.409;33.38;29.45
27/06/2017 11:00;91.0;351.6297;30.43;32.2
27/06/2017 11:30;101.0;343.966;31.37;31.5
27/06/2017 12:00;112.0;364.28;32.9;30.33
27/06/2017 12:30;118.0;423.5417;33.37;29.27
27/06/2017 13:00;128.0;465.9437;32.87;30.17
27/06/2017 13:30;139.0;489.7783;33.03;30.13
27/06/2017 14:00;133.0;486.8937;32.57;30.57
27/06/2017 14:30;130.0;501.854;32.27;30.67
27/06/2017 15:00;122.0;483.383;32.33;29.8
27/06/2017 15:30;126.0;502.0603;31.57;30.07
27/06/2017 16:00;123.0;493.4187;31.03;30.5
27/06/2017 16:30;120.0;480.4343;31.17;30.67
27/06/2017 17:00;111.0;506.4653;29.5;31.0
27/06/2017 17:30;109.0;457.6003;29.57;32.0
27/06/2017 18:00;107.0;412.3697;29.03;34.03
27/06/2017 18:30;105.0;420.3553;26.8;40.37
27/06/2017 19:00;98.0;371.3147;26.1;44.33
27/06/2017 19:30;95.0;330.4517;26.73;44.23
27/06/2017 20:00;90.0;308.3597;26.17;45.43
27/06/2017 20:30;90.0;329.0153;25.3;45.73
27/06/2017 21:00;82.0;269.434;24.37;47.4
27/06/2017 21:30;77.0;259.8953;24.0;48.0
27/06/2017 22:00;87.0;307.896;24.0;48.97
27/06/2017 22:30;66.0;185.4093;23.73;49.4
27/06/2017 23:00;55.0;174.9907;22.4;52.47
27/06/2017 23:30;44.0;113.203;22.0;59.47
28/06/2017 0:00;43.0;101.7807;21.37;61.5
28/06/2017 0:30;47.0;114.4547;21.0;64.57
28/06/2017 1:00;67.0;251.9043;21.0;64.9
28/06/2017 1:30;77.0;321.545;21.5;62.3
28/06/2017 2:00;59.0;227.6423;21.0;63.07
28/06/2017 2:30;61.0;240.98;21.0;65.0
28/06/2017 3:00;57.0;162.15;21.0;63.53
28/06/2017 3:30;35.0;85.9827;20.8;64.93
28/06/2017 4:00;29.0;58.0693;20.7;66.17
28/06/2017 4:30;28.0;51.7527;19.83;67.77
28/06/2017 5:00;25.0;46.4687;19.0;69.37
28/06/2017 5:30;9.0;35.2627;19.0;69.57
28/06/2017 6:00;10.0;34.7787;18.13;72.33
28/06/2017 6:30;24.0;54.396;18.77;73.23
28/06/2017 7:00;22.0;55.4757;20.67;68.97
28/06/2017 7:30;32.0;71.898;24.87;51.6
28/06/2017 8:00;58.0;229.0503;24.31;43.52
28/06/2017 8:30;61.0;309.2093;22.47;44.27
28/06/2017 9:00;63.0;289.36;27.27;37.6
28/06/2017 9:30;68.0;326.2447;27.63;33.93
28/06/2017 10:00;67.0;326.7637;28.4;32.73
28/06/2017 10:30;70.0;336.66;28.43;32.13
28/06/2017 11:00;69.0;335.426;26.67;33.37
28/06/2017 11:30;69.0;342.074;27.9;32.17
28/06/2017 12:00;70.0;373.547;27.77;31.83
28/06/2017 12:30;73.0;374.818;28.17;31.7
28/06/2017 13:00;73.0;358.2233;29.4;31.1
28/06/2017 13:30;75.0;374.899;29.03;31.2
28/06/2017 14:00;74.0;355.5333;28.07;31.83
28/06/2017 14:30;73.0;327.2037;29.73;31.0
28/06/2017 15:00;75.0;377.9743;28.3;31.53
28/06/2017 15:30;71.0;332.8187;29.2;31.13
28/06/2017 16:00;70.0;337.801;28.1;31.67
28/06/2017 16:30;70.0;335.7753;29.43;31.03
28/06/2017 17:00;75.0;366.8537;29.27;30.93
28/06/2017 17:30;74.0;325.197;26.87;32.0
28/06/2017 18:00;82.0;371.6387;26.8;32.43
28/06/2017 18:30;80.0;329.126;28.43;31.57
28/06/2017 19:00;76.0;394.4233;26.2;32.77
28/06/2017 19:30;84.0;432.3157;22.7;35.2
28/06/2017 20:00;75.0;384.2367;21.0;43.4
28/06/2017 20:30;74.0;385.604;20.57;44.77
28/06/2017 21:00;68.0;370.4683;19.53;47.57
28/06/2017 21:30;83.0;467.6357;18.77;45.73
28/06/2017 22:00;82.0;426.7243;18.0;46.0
28/06/2017 22:30;79.0;476.6943;17.9;46.9
28/06/2017 23:00;71.0;472.267;17.0;48.3
28/06/2017 23:30;59.0;353.247;16.2;51.83
29/06/2017 0:00;60.0;356.314;16.0;55.3
29/06/2017 0:30;57.0;330.535;16.0;56.67
29/06/2017 1:00;58.0;323.6707;16.0;57.03
29/06/2017 1:30;55.0;306.8787;16.0;54.7
29/06/2017 2:00;46.0;239.6293;16.0;54.8
29/06/2017 2:30;40.0;152.54;15.0;63.0
29/06/2017 3:00;34.0;170.7872;14.94;64.28
29/06/2017 3:30;36.0;187.1847;14.03;66.17
29/06/2017 4:00;34.0;184.0283;14.0;65.37
29/06/2017 4:30;29.0;130.5807;14.0;64.53
29/06/2017 5:00;25.0;112.3357;13.77;67.5
29/06/2017 5:30;17.0;75.4133;13.0;69.67
29/06/2017 6:00;7.0;47.2;13.0;69.4
29/06/2017 6:30;8.0;43.4873;13.0;69.7
29/06/2017 7:00;9.0;43.3097;16.5;66.2
29/06/2017 7:30;19.0;50.7993;16.37;55.13
29/06/2017 8:00;31.0;97.2967;22.17;48.57
29/06/2017 8:30;54.0;232.8087;24.7;38.43
29/06/2017 9:00;54.0;260.8377;24.33;36.57
29/06/2017 9:30;54.0;270.306;25.3;35.77
29/06/2017 10:00;55.0;282.693;27.17;33.0
29/06/2017 10:30;60.0;329.922;25.83;33.33
29/06/2017 11:00;66.0;372.3776;22.66;35.55
29/06/2017 11:30;70.0;400.1103;24.0;34.1
29/06/2017 12:00;72.0;411.169;24.43;33.67
29/06/2017 12:30;74.0;468.6087;23.97;33.83
29/06/2017 13:00;76.0;438.5607;25.27;33.03
29/06/2017 13:30;77.0;434.1097;26.87;31.83
29/06/2017 14:00;76.0;445.3767;27.3;31.17
29/06/2017 14:30;77.0;442.21;27.9;30.9
29/06/2017 15:00;80.0;494.8527;28.0;30.8
29/06/2017 15:30;84.0;519.795;27.5;31.0
29/06/2017 16:00;86.0;526.5777;27.43;31.17
29/06/2017 16:30;83.0;511.0817;26.33;31.57
29/06/2017 17:00;84.0;527.8943;26.87;31.37
29/06/2017 17:30;84.0;572.0007;26.3;31.6
29/06/2017 18:00;83.0;550.2973;26.07;31.53
29/06/2017 18:30;85.0;553.5617;26.13;31.87
29/06/2017 19:00;82.0;488.3307;26.57;31.43
29/06/2017 19:30;80.0;469.603;25.3;32.3
29/06/2017 20:00;70.0;378.352;23.13;33.27
29/06/2017 20:30;67.0;392.477;21.0;35.47
29/06/2017 21:00;64.0;357.9033;19.1;38.27
29/06/2017 21:30;64.0;388.4673;18.07;40.73
29/06/2017 22:00;62.0;399.268;18.0;40.33
29/06/2017 22:30;62.0;407.8673;17.7;39.67
29/06/2017 23:00;63.0;440.9047;17.0;40.47
29/06/2017 23:30;62.0;441.0973;17.0;40.4
30/06/2017 0:00;60.0;410.1687;16.2;41.9
30/06/2017 0:30;53.0;310.4857;15.77;43.27
30/06/2017 1:00;41.0;158.6397;15.0;45.13
30/06/2017 1:30;42.0;160.8057;14.1;48.17
30/06/2017 2:00;44.0;181.8867;14.0;49.43
30/06/2017 2:30;42.0;239.76;13.0;51.0
30/06/2017 3:00;43.0;239.0361;13.0;51.56
30/06/2017 3:30;41.0;262.1227;13.0;52.0
30/06/2017 4:00;38.0;241.906;13.0;52.0
30/06/2017 4:30;32.0;122.3713;12.8;52.43
30/06/2017 5:00;28.0;129.9123;13.0;53.0
30/06/2017 5:30;24.0;93.208;12.97;54.43
30/06/2017 6:00;24.0;96.2433;12.33;55.67
30/06/2017 6:30;23.0;98.9213;12.5;55.13
30/06/2017 7:00;20.0;66.9793;16.63;46.23
30/06/2017 7:30;25.0;65.787;20.97;34.27
30/06/2017 8:00;27.0;72.2037;23.7;33.03
30/06/2017 8:30;32.0;93.929;20.03;34.77
30/06/2017 9:00;31.0;98.3953;22.27;33.73
30/06/2017 9:30;43.0;174.8597;26.27;31.6
30/06/2017 10:00;69.0;366.0376;24.72;32.45
30/06/2017 10:30;75.0;466.8127;24.9;32.43
30/06/2017 11:00;75.0;486.6747;22.7;33.33
30/06/2017 11:30;75.0;487.7677;23.4;33.03
30/06/2017 12:00;77.0;505.257;23.83;33.0
30/06/2017 12:30;77.0;506.063;24.6;32.53
30/06/2017 13:00;78.0;535.5467;25.3;32.0
30/06/2017 13:30;79.0;543.4473;25.9;31.97
30/06/2017 14:00;79.0;539.6843;26.63;31.37
30/06/2017 14:30;78.0;472.5167;27.6;31.07
30/06/2017 15:00;79.0;475.7407;27.47;31.1
30/06/2017 15:30;79.0;513.0747;26.9;31.27
30/06/2017 16:00;79.0;477.782;27.73;31.0
30/06/2017 16:30;78.0;462.1357;28.07;30.9
30/06/2017 17:00;77.0;462.6157;27.2;31.2
30/06/2017 17:30;72.0;401.2947;22.3;33.6
30/06/2017 18:00;70.0;381.6323;20.97;34.03
30/06/2017 18:30;70.0;394.262;19.77;36.37
30/06/2017 19:00;62.0;329.651;16.4;52.3
30/06/2017 19:30;52.0;280.984;15.73;62.57
30/06/2017 20:00;53.0;258.916;16.9;56.47
30/06/2017 20:30;54.0;299.7857;16.2;62.17
30/06/2017 21:00;51.0;301.8227;16.0;63.13
30/06/2017 21:30;47.0;293.117;15.63;62.97
30/06/2017 22:00;49.0;303.6733;15.07;61.9
30/06/2017 22:30;47.0;290.732;15.1;63.13
30/06/2017 23:00;46.0;267.7557;15.17;58.17
30/06/2017 23:30;47.0;269.1337;15.0;59.27
01/07/2017 0:00;32.0;167.5803;15.0;56.3
01/07/2017 0:30;25.0;125.378;15.0;60.6
01/07/2017 1:00;22.0;102.8673;15.0;62.13
01/07/2017 1:30;23.0;100.4623;14.63;64.2
01/07/2017 2:00;20.0;92.261;14.0;65.97
01/07/2017 2:30;18.0;45.98;14.0;63.0
01/07/2017 3:00;7.0;44.6239;14.0;65.28
01/07/2017 3:30;8.0;43.6773;13.43;69.63
01/07/2017 4:00;10.0;44.1943;14.0;71.33
01/07/2017 4:30;8.0;42.5637;14.0;72.0
01/07/2017 5:00;7.0;40.1523;13.8;71.27
01/07/2017 5:30;10.0;45.237;13.27;72.0
01/07/2017 6:00;29.0;89.0257;14.0;70.6
01/07/2017 6:30;41.0;188.9097;14.0;58.2
01/07/2017 7:00;46.0;257.715;16.03;42.8
01/07/2017 7:30;52.0;327.993;15.6;38.0
01/07/2017 8:00;51.0;307.5307;18.03;36.03
01/07/2017 8:30;52.0;319.8267;23.43;33.03
01/07/2017 9:00;53.0;303.7728;23.93;32.93
01/07/2017 9:30;57.0;347.864;24.03;32.83
01/07/2017 10:00;60.0;380.0287;25.17;32.23
01/07/2017 10:30;62.0;373.587;24.97;32.37
01/07/2017 11:00;66.0;420.017;22.0;34.0
01/07/2017 11:30;70.0;432.684;22.93;33.2
01/07/2017 12:00;75.0;494.772;23.73;33.0
01/07/2017 12:30;76.0;489.523;25.2;32.23
01/07/2017 13:00;76.0;445.8377;26.5;31.53
01/07/2017 13:30;78.0;451.3723;27.4;31.07
01/07/2017 14:00;77.0;492.9747;25.73;31.83
01/07/2017 14:30;77.0;445.8573;25.43;32.1
01/07/2017 15:00;72.0;395.5757;24.93;32.37
01/07/2017 15:30;78.0;385.8907;21.13;34.13
01/07/2017 16:00;66.0;315.738;19.83;35.2
01/07/2017 16:30;75.0;362.6743;21.0;34.0
01/07/2017 17:00;78.0;413.2087;21.0;34.0
01/07/2017 17:30;78.0;397.666;22.77;33.4
01/07/2017 18:00;81.0;418.6483;22.1;33.9
01/07/2017 18:30;82.0;426.841;22.43;33.5
01/07/2017 19:00;87.0;485.537;22.23;33.77
01/07/2017 19:30;88.0;496.7707;21.3;34.0
01/07/2017 20:00;84.0;497.796;20.6;34.4
01/07/2017 20:30;80.0;476.0063;19.87;35.0
01/07/2017 21:00;70.0;392.1723;19.0;35.0
01/07/2017 21:30;64.0;346.847;18.83;35.17
01/07/2017 22:00;57.0;294.081;18.0;36.03
01/07/2017 22:30;56.0;288.6963;18.0;36.5
01/07/2017 23:00;54.0;263.3163;18.0;38.47
01/07/2017 23:30;51.0;237.226;17.73;39.87
02/07/2017 0:00;44.0;190.3023;17.0;43.97
02/07/2017 0:30;41.0;170.1667;17.0;47.33
02/07/2017 1:00;33.0;119.7067;17.0;43.2
02/07/2017 1:30;32.0;96.4803;17.0;38.27
02/07/2017 2:00;28.0;93.5107;16.27;45.4
02/07/2017 2:30;22.0;54.4;16.0;38.0
02/07/2017 3:00;18.0;51.7476;16.0;50.41
02/07/2017 3:30;14.0;49.4383;15.73;50.37
02/07/2017 4:00;12.0;46.374;15.0;51.73
02/07/2017 4:30;10.0;45.4017;14.87;62.83
02/07/2017 5:00;10.0;43.4173;14.0;68.97
02/07/2017 5:30;20.0;63.8257;14.13;68.3
02/07/2017 6:00;30.0;117.3477;14.0;63.43
02/07/2017 6:30;19.0;76.2657;14.5;61.9
02/07/2017 7:00;25.0;85.1797;15.0;58.1
02/07/2017 7:30;34.0;139.819;15.4;44.03
02/07/2017 8:00;42.0;229.0893;15.27;37.0
02/07/2017 8:30;41.0;218.6513;16.4;36.6
02/07/2017 9:00;42.0;214.6153;18.13;35.73
02/07/2017 9:30;44.0;191.6997;21.0;34.3
02/07/2017 10:00;45.0;168.731;24.97;32.27
02/07/2017 10:30;50.0;179.893;25.13;32.17
02/07/2017 11:00;53.0;222.5253;23.4;33.1
02/07/2017 11:30;59.0;277.0703;24.13;32.87
02/07/2017 12:00;66.0;316.8563;25.23;32.07
02/07/2017 12:30;72.0;368.9293;26.9;31.23
02/07/2017 13:00;76.0;396.0963;28.17;30.83
02/07/2017 13:30;79.0;409.255;29.8;30.0
02/07/2017 14:00;80.0;394.8313;30.43;29.57
02/07/2017 14:30;79.0;377.5855;31.14;29.21
02/07/2017 15:00;79.0;384.5417;31.83;29.0
02/07/2017 15:30;81.0;372.867;31.3;29.03
02/07/2017 16:00;81.0;376.1663;31.93;28.83
02/07/2017 16:30;83.0;385.5897;32.0;28.87
02/07/2017 17:00;83.0;365.5297;31.77;29.03
02/07/2017 17:30;96.0;432.53;29.57;30.07
02/07/2017 18:00;97.0;424.917;28.3;30.7
02/07/2017 18:30;99.0;422.9703;29.0;30.23
02/07/2017 19:00;99.0;420.2647;28.43;30.57
02/07/2017 19:30;98.0;402.4127;28.07;30.93
02/07/2017 20:00;95.0;404.885;26.9;31.13
02/07/2017 20:30;94.0;430.4;25.07;32.33
02/07/2017 21:00;92.0;476.859;23.33;33.0
02/07/2017 21:30;85.0;458.0783;22.0;34.0
02/07/2017 22:00;78.0;414.4287;21.07;34.0
02/07/2017 22:30;73.0;404.681;21.0;34.0
02/07/2017 23:00;70.0;382.582;20.47;34.53
02/07/2017 23:30;65.0;328.831;19.93;35.0
03/07/2017 0:00;45.0;157.3957;19.13;35.0
03/07/2017 0:30;37.0;105.0373;18.43;35.57
03/07/2017 1:00;37.0;88.246;18.0;36.0
03/07/2017 1:30;33.0;92.6923;17.67;36.0
03/07/2017 2:00;27.0;70.2147;16.03;38.23
03/07/2017 2:30;24.0;56.24;16.0;51.0
03/07/2017 3:00;21.0;53.0795;15.0;52.32
03/07/2017 3:30;22.0;54.8343;15.0;52.73
03/07/2017 4:00;23.0;56.7647;15.0;53.3
03/07/2017 4:30;18.0;51.3859;14.28;51.83
03/07/2017 5:00;15.0;47.8213;14.0;53.67
03/07/2017 5:30;17.0;48.3107;14.0;56.23
03/07/2017 6:00;10.0;42.9633;14.0;57.73
03/07/2017 6:30;8.0;39.0743;14.0;52.27
03/07/2017 7:00;8.0;37.7233;17.93;44.97
03/07/2017 7:30;15.0;40.5587;23.3;33.17
03/07/2017 8:00;19.0;45.3313;24.17;32.83
03/07/2017 8:30;26.0;57.078;25.37;32.07
03/07/2017 9:00;32.0;78.89;26.73;31.3
03/07/2017 9:30;45.0;135.3517;28.33;30.6
03/07/2017 10:00;63.0;247.8987;31.13;29.27
03/07/2017 10:30;78.0;336.9987;29.9;29.87
03/07/2017 11:00;87.0;379.001;27.47;31.0
03/07/2017 11:30;94.0;422.1877;27.77;30.87
03/07/2017 12:00;95.0;433.9317;29.13;30.1
03/07/2017 12:30;99.0;382.0033;30.0;29.93
03/07/2017 13:00;99.0;375.786;31.1;29.33
03/07/2017 13:30;91.0;378.2013;33.3;28.13
03/07/2017 14:00;83.0;365.625;33.27;28.1
03/07/2017 14:30;81.0;337.8217;34.53;27.47
03/07/2017 15:00;85.0;316.1937;34.17;27.63
03/07/2017 15:30;88.0;318.8163;34.47;27.6
03/07/2017 16:00;91.0;326.9667;34.17;27.83
03/07/2017 16:30;95.0;333.327;34.3;27.7
03/07/2017 17:00;99.0;391.803;34.63;27.37
03/07/2017 17:30;132.0;503.4953;32.73;28.3
03/07/2017 18:00;125.0;488.707;30.63;29.5
03/07/2017 18:30;117.0;459.555;30.0;30.0
03/07/2017 19:00;107.0;439.9063;29.33;30.0
03/07/2017 19:30;102.0;427.2293;28.17;30.83
03/07/2017 20:00;93.0;399.4647;27.23;31.0
03/07/2017 20:30;86.0;374.941;26.0;31.77
03/07/2017 21:00;77.0;350.403;24.47;32.53
03/07/2017 21:30;68.0;294.4607;24.0;33.0
03/07/2017 22:00;62.0;239.817;23.03;33.0
03/07/2017 22:30;59.0;224.0573;22.5;33.5
03/07/2017 23:00;55.0;188.5737;22.0;34.0
03/07/2017 23:30;48.0;121.6703;21.2;34.0
04/07/2017 0:00;44.0;88.1214;21.0;34.0
04/07/2017 0:30;31.0;64.1213;20.03;34.97
04/07/2017 1:00;25.0;50.2403;19.83;35.0
04/07/2017 1:30;26.0;48.126;19.03;35.0
04/07/2017 2:00;31.0;49.1617;18.97;35.03
04/07/2017 2:30;30.0;55.39;18.0;36.0
04/07/2017 3:00;28.0;47.8553;18.0;36.0
04/07/2017 3:30;18.0;43.4;17.07;36.0
04/07/2017 4:00;19.0;42.947;16.23;41.83
04/07/2017 4:30;21.0;47.2993;16.0;48.17
04/07/2017 5:00;17.0;43.1607;15.93;50.87
04/07/2017 5:30;14.0;39.5183;15.03;54.97
04/07/2017 6:00;8.0;35.4987;15.0;59.17
04/07/2017 6:30;6.0;33.6967;15.57;61.6
04/07/2017 7:00;9.0;34.0687;19.33;52.83
04/07/2017 7:30;15.0;36.7193;23.8;32.93
04/07/2017 8:00;19.0;40.3053;24.9;32.33
04/07/2017 8:30;24.0;43.1843;27.0;31.33
04/07/2017 9:00;26.0;44.9973;28.33;30.63
04/07/2017 9:30;48.0;82.239;30.5;29.6
04/07/2017 10:00;65.0;159.8523;32.47;28.57
04/07/2017 10:30;86.0;291.1497;31.93;28.93
04/07/2017 11:00;96.0;348.6333;29.93;30.0
04/07/2017 11:30;104.0;408.1883;30.0;30.0
04/07/2017 12:00;110.0;447.14;32.0;29.0
04/07/2017 12:30;118.0;423.6884;33.16;28.11
04/07/2017 13:00;126.0;413.397;33.73;28.0
04/07/2017 13:30;121.0;461.8083;35.03;27.13
04/07/2017 14:00;124.0;477.8163;35.53;27.0
04/07/2017 14:30;131.0;517.1677;35.73;26.93
04/07/2017 15:00;157.0;607.6927;35.53;27.0
04/07/2017 15:30;174.0;650.5293;34.8;27.2
04/07/2017 16:00;183.0;682.3607;34.5;27.5
04/07/2017 16:30;183.0;692.5613;34.03;27.97
04/07/2017 17:00;169.0;681.979;33.53;28.0
04/07/2017 17:30;155.0;614.9152;33.07;28.0
04/07/2017 18:00;142.0;541.4463;32.67;28.33
04/07/2017 18:30;132.0;516.355;31.67;29.0
04/07/2017 19:00;120.0;490.235;30.8;29.2
04/07/2017 19:30;113.0;471.982;29.73;30.0
04/07/2017 20:00;102.0;411.838;28.57;30.43
04/07/2017 20:30;98.0;419.2887;26.8;31.37
04/07/2017 21:00;87.0;360.0443;25.4;32.0
04/07/2017 21:30;71.0;270.0003;24.03;32.97
04/07/2017 22:00;62.0;209.069;23.13;33.0
04/07/2017 22:30;51.0;156.233;22.9;33.1
04/07/2017 23:00;46.0;127.804;21.77;34.0
04/07/2017 23:30;42.0;97.2983;20.93;35.03
05/07/2017 0:00;32.0;68.0667;20.0;37.47
05/07/2017 0:30;34.0;68.0373;19.87;37.63
05/07/2017 1:00;37.0;60.921;19.17;35.6
05/07/2017 1:30;27.0;59.008;18.1;45.43
05/07/2017 2:00;22.0;48.4963;17.07;47.43
05/07/2017 2:30;24.0;50.59;16.0;51.0
05/07/2017 3:00;23.0;50.5626;16.0;51.89
05/07/2017 3:30;21.0;49.0423;15.43;53.53
05/07/2017 4:00;18.0;46.5713;15.0;55.27
05/07/2017 4:30;18.0;45.9367;15.0;56.17
05/07/2017 5:00;14.0;43.069;14.57;56.4
05/07/2017 5:30;10.0;38.8333;13.97;57.87
05/07/2017 6:00;7.0;37.79;13.97;60.37
05/07/2017 6:30;7.0;36.7393;13.73;60.27
05/07/2017 7:00;13.0;39.6793;18.07;50.0
05/07/2017 7:30;21.0;45.412;21.87;33.8
05/07/2017 8:00;26.0;52.3553;24.67;32.43
05/07/2017 8:30;28.0;54.501;26.77;31.53
05/07/2017 9:00;35.0;63.767;28.0;30.87
05/07/2017 9:30;53.0;118.9893;29.53;30.07
05/07/2017 10:00;65.0;170.918;31.83;28.8
05/07/2017 10:30;95.0;356.8287;31.2;29.2
05/07/2017 11:00;109.0;478.922;28.93;30.17
05/07/2017 11:30;107.0;456.2713;30.53;29.53
05/07/2017 12:00;106.0;475.552;31.87;29.0
05/07/2017 12:30;108.0;511.7017;32.77;28.37
05/07/2017 13:00;116.0;490.728;34.27;27.73
05/07/2017 13:30;117.0;504.693;35.17;27.07
05/07/2017 14:00;114.0;518.888;35.8;26.87
05/07/2017 14:30;119.0;498.358;37.0;26.0
05/07/2017 15:00;132.0;518.9945;36.97;26.07
05/07/2017 15:30;140.0;475.242;36.6;26.4
05/07/2017 16:00;121.0;398.386;34.93;27.37
05/07/2017 16:30;102.0;365.211;33.8;28.0
05/07/2017 17:00;92.0;352.4067;33.93;28.0
05/07/2017 17:30;82.0;358.746;33.67;28.0
05/07/2017 18:00;86.0;328.1037;32.77;28.27
05/07/2017 18:30;88.0;317.3097;32.17;28.83
05/07/2017 19:00;84.0;301.3667;31.77;29.0
05/07/2017 19:30;83.0;280.4657;31.17;29.13
05/07/2017 20:00;83.0;283.3983;29.97;30.0
05/07/2017 20:30;79.0;288.4893;28.1;30.67
05/07/2017 21:00;74.0;285.2357;26.07;31.8
05/07/2017 21:30;67.0;243.56;24.43;32.57
05/07/2017 22:00;62.0;214.9103;24.0;33.0
05/07/2017 22:30;56.0;179.8887;23.37;33.0
05/07/2017 23:00;53.0;154.4867;22.3;33.7
05/07/2017 23:30;45.0;119.048;22.0;34.0
06/07/2017 0:00;39.0;88.4943;21.23;34.33
06/07/2017 0:30;27.0;53.1127;21.0;38.1
06/07/2017 1:00;32.0;55.9187;20.43;34.87
06/07/2017 1:30;34.0;59.1713;19.83;41.43
06/07/2017 2:00;20.0;43.6593;18.93;47.27
06/07/2017 2:30;18.0;42.91;18.0;48.0
06/07/2017 3:00;21.0;45.0088;18.0;49.88
06/07/2017 3:30;19.0;42.1023;17.67;46.77
06/07/2017 4:00;17.0;37.4447;17.6;40.47
06/07/2017 4:30;12.0;34.455;16.63;52.6
06/07/2017 5:00;11.0;33.1353;16.03;41.53
06/07/2017 5:30;8.0;31.235;16.37;49.37
06/07/2017 6:00;4.0;29.4643;16.93;43.5
06/07/2017 6:30;4.0;28.882;16.33;48.8
06/07/2017 7:00;6.0;30.1273;18.13;45.3
06/07/2017 7:30;8.0;30.4807;20.87;34.37
06/07/2017 8:00;11.0;33.0383;22.73;33.4
06/07/2017 8:30;16.0;34.3743;24.93;32.3
06/07/2017 9:00;29.0;42.3917;27.23;31.2
06/07/2017 9:30;34.0;49.0437;29.37;30.2
06/07/2017 10:00;45.0;73.797;31.97;28.87
06/07/2017 10:30;76.0;247.182;31.67;29.0
06/07/2017 11:00;78.0;293.4003;31.63;29.0
06/07/2017 11:30;83.0;283.5547;32.5;28.5
06/07/2017 12:00;88.0;340.4207;33.9;28.0
06/07/2017 12:30;91.0;351.5597;34.87;27.13
06/07/2017 13:00;92.0;329.124;35.8;26.9
06/07/2017 13:30;94.0;334.844;37.43;26.0
06/07/2017 14:00;96.0;337.3377;38.43;25.6
06/07/2017 14:30;97.0;314.7927;39.33;25.07
06/07/2017 15:00;102.0;302.7223;40.47;24.33
06/07/2017 15:30;103.0;350.091;38.27;25.73
06/07/2017 16:00;117.0;424.0821;35.66;26.97
06/07/2017 16:30;131.0;429.8743;34.03;27.87
06/07/2017 17:00;125.0;394.8377;33.6;28.0
06/07/2017 17:30;114.0;359.407;31.5;29.1
06/07/2017 18:00;104.0;358.935;30.0;30.0
06/07/2017 18:30;101.0;358.5533;30.0;30.0
06/07/2017 19:00;94.0;318.9707;30.0;30.0
06/07/2017 19:30;95.0;332.984;29.17;30.07
06/07/2017 20:00;98.0;372.7697;27.83;31.0
06/07/2017 20:30;93.0;343.6693;27.07;31.07
06/07/2017 21:00;82.0;293.011;26.0;32.0
06/07/2017 21:30;86.0;314.305;25.4;32.0
06/07/2017 22:00;71.0;207.419;24.73;32.27
06/07/2017 22:30;48.0;85.778;24.0;33.0
06/07/2017 23:00;54.0;90.738;24.0;33.0
06/07/2017 23:30;35.0;57.5083;23.47;33.0
07/07/2017 0:00;31.0;46.2263;22.77;33.23
07/07/2017 0:30;39.0;50.152;22.2;33.8
07/07/2017 1:00;52.0;89.7013;21.77;34.0
07/07/2017 1:30;24.0;42.1987;21.2;34.0
07/07/2017 2:00;32.0;49.7367;21.0;34.0
07/07/2017 2:30;39.0;52.06;20.0;35.0
07/07/2017 3:00;28.0;41.692;20.0;35.0
07/07/2017 3:30;17.0;36.0523;19.03;41.63
07/07/2017 4:00;16.0;34.9833;18.33;49.9
07/07/2017 4:30;20.0;37.8183;18.0;51.03
07/07/2017 5:00;26.0;45.3767;18.0;51.9
07/07/2017 5:30;18.0;35.1697;18.27;38.47
07/07/2017 6:00;6.0;28.6663;18.0;51.03
07/07/2017 6:30;8.0;28.7387;18.0;53.0
07/07/2017 7:00;12.0;31.1624;18.34;52.9
07/07/2017 7:30;17.0;32.4397;23.2;37.2
07/07/2017 8:00;17.0;31.932;26.57;31.43
07/07/2017 8:30;34.0;42.9213;29.07;30.23
07/07/2017 9:00;41.0;52.4063;29.33;30.1
07/07/2017 9:30;53.0;72.5173;31.23;29.17
07/07/2017 10:00;61.0;102.5493;33.43;28.17
07/07/2017 10:30;78.0;171.385;33.53;27.97
07/07/2017 11:00;101.0;277.812;32.93;28.2
07/07/2017 11:30;107.0;330.1157;34.43;27.5
07/07/2017 12:00;115.0;325.8257;36.1;26.8
07/07/2017 12:30;107.0;307.2557;37.6;26.0
07/07/2017 13:00;108.0;308.956;37.87;26.0
07/07/2017 13:30;114.0;299.0447;39.53;24.9
07/07/2017 14:00;103.0;292.3563;40.87;24.13
07/07/2017 14:30;110.0;308.6977;41.17;24.0
07/07/2017 15:00;109.0;318.761;41.57;24.0
07/07/2017 15:30;108.0;305.845;41.33;24.0
07/07/2017 16:00;116.0;305.6453;39.93;24.67
07/07/2017 16:30;106.0;285.5423;38.33;25.7
07/07/2017 17:00;113.0;338.425;36.33;26.6
07/07/2017 17:30;111.0;345.0183;35.07;27.0
07/07/2017 18:00;110.0;368.4733;35.27;27.0
07/07/2017 18:30;101.0;393.1833;34.27;27.6
07/07/2017 19:00;105.0;383.8307;33.9;28.0
07/07/2017 19:30;102.0;404.2853;32.67;28.53
07/07/2017 20:00;100.0;381.7983;30.5;29.5
07/07/2017 20:30;91.0;349.1443;29.07;30.13
07/07/2017 21:00;86.0;304.6753;28.0;31.0
07/07/2017 21:30;65.0;163.7177;27.03;31.0
07/07/2017 22:00;60.0;116.3817;26.07;31.93
07/07/2017 22:30;59.0;117.6297;25.0;32.0
07/07/2017 23:00;52.0;92.357;24.23;32.77
07/07/2017 23:30;31.0;48.0843;24.0;33.0
08/07/2017 0:00;46.0;67.8177;23.67;33.0
08/07/2017 0:30;32.0;50.371;22.13;33.87
08/07/2017 1:00;21.0;38.051;21.3;34.0
08/07/2017 1:30;34.0;51.718;21.0;34.0
08/07/2017 2:00;31.0;46.9357;21.03;34.0
08/07/2017 2:30;35.0;40.2;21.0;34.0
08/07/2017 3:00;24.0;37.2989;21.0;34.0
08/07/2017 3:30;25.0;38.475;21.0;34.0
08/07/2017 4:00;24.0;37.798;21.0;34.0
08/07/2017 4:30;28.0;41.4547;21.0;34.0
08/07/2017 5:00;32.0;46.8693;21.0;34.0
08/07/2017 5:30;26.0;39.8317;21.0;34.0
08/07/2017 6:00;35.0;50.203;21.0;34.0
08/07/2017 6:30;23.0;38.2487;20.13;34.87
08/07/2017 7:00;20.0;33.9107;21.17;34.07
08/07/2017 7:30;23.0;33.9063;22.17;33.83
08/07/2017 8:00;24.0;33.7517;22.8;33.2
08/07/2017 8:30;19.0;30.8747;22.5;33.63
08/07/2017 9:00;23.0;33.902;22.87;33.3
08/07/2017 9:30;33.0;38.8603;25.55;32.1
08/07/2017 10:00;47.0;55.0703;30.27;29.73
08/07/2017 10:30;48.0;67.4553;28.53;30.6
08/07/2017 11:00;50.0;77.0967;27.27;31.0
08/07/2017 11:30;50.0;76.1277;28.5;30.5
08/07/2017 12:00;58.0;100.3157;28.0;31.0
08/07/2017 12:30;79.0;237.5613;29.9;29.9
08/07/2017 13:00;89.0;420.5513;30.4;29.63
08/07/2017 13:30;81.0;389.172;28.67;30.5
08/07/2017 14:00;78.0;293.964;28.77;30.53
08/07/2017 14:30;93.0;377.076;30.0;30.0
08/07/2017 15:00;98.0;461.4187;30.13;29.87
08/07/2017 15:30;97.0;484.308;30.1;29.83
08/07/2017 16:00;96.0;437.69;28.47;30.73
08/07/2017 16:30;83.0;324.3823;27.27;31.03
08/07/2017 17:00;91.0;362.8933;28.0;31.0
08/07/2017 17:30;98.0;399.7283;29.43;30.17
08/07/2017 18:00;104.0;390.8597;30.53;29.47
08/07/2017 18:30;105.0;416.6457;30.03;29.7
08/07/2017 19:00;101.0;388.97;29.67;30.07
08/07/2017 19:30;102.0;382.434;28.9;30.4
08/07/2017 20:00;108.0;433.8797;28.0;31.0
08/07/2017 20:30;100.0;403.412;26.73;31.5
08/07/2017 21:00;91.0;360.3757;24.67;32.4
08/07/2017 21:30;79.0;316.0853;23.67;33.0
08/07/2017 22:00;55.0;168.1087;22.07;33.93
08/07/2017 22:30;53.0;109.382;21.23;34.0
08/07/2017 23:00;62.0;145.8507;21.0;34.0
08/07/2017 23:30;51.0;143.7153;20.83;34.17
09/07/2017 0:00;49.0;110.0067;20.0;35.0
09/07/2017 0:30;54.0;131.5733;20.0;35.0
09/07/2017 1:00;43.0;96.0263;19.43;35.0
09/07/2017 1:30;51.0;83.8323;19.0;35.0
09/07/2017 2:00;51.0;101.168;18.83;35.17
09/07/2017 2:30;45.0;88.46;18.0;36.0
09/07/2017 3:00;47.0;104.2544;18.0;36.0
09/07/2017 3:30;34.0;66.106;18.0;36.0
09/07/2017 4:00;43.0;96.8837;18.0;36.0
09/07/2017 4:30;26.0;52.3027;17.27;36.0
09/07/2017 5:00;27.0;50.99;17.6;39.73
09/07/2017 5:30;25.0;47.2087;17.3;36.0
09/07/2017 6:00;21.0;43.2033;17.0;41.07
09/07/2017 6:30;21.0;43.2967;16.7;46.4
09/07/2017 7:00;21.0;43.0047;18.03;43.77
09/07/2017 7:30;24.0;42.6773;23.47;33.03
09/07/2017 8:00;27.0;44.97;25.8;31.97
09/07/2017 8:30;40.0;60.5807;28.38;30.66
09/07/2017 9:00;51.0;96.224;29.7;29.83
09/07/2017 9:30;68.0;178.6997;30.93;29.3
09/07/2017 10:00;90.0;278.18;31.83;29.0
09/07/2017 10:30;89.0;270.7317;30.67;29.37
09/07/2017 11:00;89.0;355.71;28.0;31.0
09/07/2017 11:30;96.0;308.3839;29.46;30.14
09/07/2017 12:00;99.0;339.8623;30.0;29.77
09/07/2017 12:30;106.0;368.3617;30.8;29.47
09/07/2017 13:00;113.0;409.8677;31.9;28.87
09/07/2017 13:30;117.0;466.7723;31.23;29.2
09/07/2017 14:00;121.0;468.8487;34.53;27.47
09/07/2017 14:30;120.0;475.9253;33.03;28.33
09/07/2017 15:00;116.0;457.1087;30.37;29.73
09/07/2017 15:30;107.0;392.37;29.23;30.0
09/07/2017 16:00;109.0;371.374;28.5;30.5
09/07/2017 16:30;107.0;353.505;28.17;30.83
09/07/2017 17:00;106.0;351.4673;27.9;31.0
09/07/2017 17:30;102.0;367.406;27.5;31.0
09/07/2017 18:00;101.0;369.1597;26.7;31.3
09/07/2017 18:30;90.0;326.3543;26.0;32.0
09/07/2017 19:00;83.0;284.32;26.07;31.93
09/07/2017 19:30;83.0;272.6757;26.37;31.57
09/07/2017 20:00;87.0;329.149;24.47;32.53
09/07/2017 20:30;86.0;328.1657;24.0;33.0
09/07/2017 21:00;81.0;316.7676;23.03;33.14
09/07/2017 21:30;82.0;334.0253;22.0;34.0
09/07/2017 22:00;81.0;333.748;22.0;34.0
09/07/2017 22:30;76.0;312.721;22.0;34.0
09/07/2017 23:00;62.0;178.3997;21.67;34.0
09/07/2017 23:30;54.0;173.1813;21.0;42.37
10/07/2017 0:00;51.0;130.853;21.0;46.67
10/07/2017 0:30;40.0;107.375;20.27;50.57
10/07/2017 1:00;25.0;84.2047;20.0;52.57
10/07/2017 1:30;26.0;67.769;19.6;55.23
10/07/2017 2:00;23.0;59.5757;19.0;59.9
10/07/2017 2:30;28.0;45.27;19.0;67.0
10/07/2017 3:00;14.0;43.6918;18.18;68.47
10/07/2017 3:30;16.0;41.5763;18.0;66.67
10/07/2017 4:00;15.0;43.242;18.0;67.83
10/07/2017 4:30;12.0;39.9137;18.0;68.53
10/07/2017 5:00;7.0;34.0177;18.0;70.0
10/07/2017 5:30;9.0;37.8963;17.87;68.6
10/07/2017 6:00;4.0;33.406;17.0;69.87
10/07/2017 6:30;7.0;32.4653;17.83;69.23
10/07/2017 7:00;5.0;29.7337;19.1;66.73
10/07/2017 7:30;8.0;32.1813;21.77;53.87
10/07/2017 8:00;12.0;34.447;24.87;38.5
10/07/2017 8:30;18.0;40.397;24.97;34.23
10/07/2017 9:00;29.0;58.361;24.0;43.73
10/07/2017 9:30;37.0;70.521;28.53;30.53
10/07/2017 10:00;49.0;111.421;29.63;29.9
10/07/2017 10:30;73.0;218.0813;29.83;29.93
10/07/2017 11:00;93.0;328.151;29.8;29.93
10/07/2017 11:30;105.0;403.154;30.23;29.77
10/07/2017 12:00;111.0;405.5017;30.93;29.27
10/07/2017 12:30;115.0;463.7797;29.5;30.0
10/07/2017 13:00;125.0;483.3033;30.53;29.63
10/07/2017 13:30;137.0;503.2887;32.57;28.47
10/07/2017 14:00;143.0;506.6453;34.37;27.63
10/07/2017 14:30;147.0;536.401;33.03;28.3
10/07/2017 15:00;145.0;530.2223;32.8;28.4
10/07/2017 15:30;139.0;507.6113;32.53;28.53
10/07/2017 16:00;142.0;501.3353;32.53;28.47
10/07/2017 16:30;141.0;485.0797;32.87;28.4
10/07/2017 17:00;141.0;488.7597;32.97;28.13
10/07/2017 17:30;141.0;480.9837;32.7;28.43
10/07/2017 18:00;138.0;456.927;31.93;29.0
10/07/2017 18:30;133.0;437.091;31.07;29.0
10/07/2017 19:00;129.0;425.089;30.57;29.5
10/07/2017 19:30;123.0;408.3183;30.0;30.0
10/07/2017 20:00;118.0;431.1043;28.33;30.73
10/07/2017 20:30;103.0;340.3772;26.34;31.79
10/07/2017 21:00;93.0;335.0727;25.43;32.5
10/07/2017 21:30;88.0;313.1983;24.47;36.53
10/07/2017 22:00;88.0;315.9633;24.0;42.2
10/07/2017 22:30;83.0;298.7033;23.37;34.27
10/07/2017 23:00;80.0;297.0897;22.73;34.1
10/07/2017 23:30;73.0;254.599;22.0;36.43
11/07/2017 0:00;68.0;223.365;21.6;40.63
11/07/2017 0:30;61.0;206.2057;21.0;47.97
11/07/2017 1:00;53.0;177.299;21.0;49.53
11/07/2017 1:30;44.0;131.684;20.5;51.6
11/07/2017 2:00;41.0;116.176;20.03;52.83
11/07/2017 2:30;36.0;77.62;20.0;54.0
11/07/2017 3:00;32.0;77.0312;19.76;54.0
11/07/2017 3:30;29.0;64.4023;19.0;54.0
11/07/2017 4:00;28.0;62.259;19.0;55.13
11/07/2017 4:30;18.0;42.5527;18.47;59.6
11/07/2017 5:00;22.0;43.668;18.0;64.53
11/07/2017 5:30;14.0;36.8083;18.0;65.1
11/07/2017 6:00;21.0;51.8383;18.0;61.7
11/07/2017 6:30;20.0;54.1103;18.0;60.37
11/07/2017 7:00;9.0;35.342;18.03;63.97
11/07/2017 7:30;12.0;34.066;19.67;62.63
11/07/2017 8:00;17.0;36.9497;21.37;50.97
11/07/2017 8:30;19.0;36.9113;21.07;48.0
11/07/2017 9:00;16.0;34.6548;21.69;47.21
11/07/2017 9:30;30.0;50.4517;26.3;32.47
11/07/2017 10:00;53.0;129.057;28.07;30.77
11/07/2017 10:30;64.0;176.1273;29.5;30.0
11/07/2017 11:00;82.0;264.744;28.97;30.33
11/07/2017 11:30;93.0;293.4457;30.0;30.0
11/07/2017 12:00;98.0;324.3003;30.97;29.33
11/07/2017 12:30;105.0;331.4983;31.7;28.87
11/07/2017 13:00;110.0;370.0773;33.3;28.03
11/07/2017 13:30;113.0;431.628;33.47;28.03
11/07/2017 14:00;117.0;400.8627;34.13;27.87
11/07/2017 14:30;119.0;423.7463;34.73;27.27
11/07/2017 15:00;124.0;436.2913;35.73;26.97
11/07/2017 15:30;128.0;446.7597;35.77;27.0
11/07/2017 16:00;134.0;471.4067;34.87;27.23
11/07/2017 16:30;146.0;477.872;34.03;27.73
11/07/2017 17:00;157.0;500.6677;33.83;27.97
11/07/2017 17:30;160.0;515.4677;33.33;28.1
11/07/2017 18:00;164.0;498.9;33.2;28.3
11/07/2017 18:30;159.0;436.4783;33.97;28.0
11/07/2017 19:00;115.0;315.0183;32.0;28.7
11/07/2017 19:30;104.0;312.0823;29.53;30.0
11/07/2017 20:00;94.0;285.994;28.33;30.67
11/07/2017 20:30;83.0;246.984;27.07;31.17
11/07/2017 21:00;82.0;259.1857;25.63;32.0
11/07/2017 21:30;82.0;271.6777;24.4;33.4
11/07/2017 22:00;82.0;272.5123;24.03;33.8
11/07/2017 22:30;75.0;245.5123;24.0;43.37
11/07/2017 23:00;69.0;216.5147;23.83;49.9
11/07/2017 23:30;63.0;191.2447;23.07;49.17
12/07/2017 0:00;63.0;184.3373;22.77;47.0
12/07/2017 0:30;54.0;146.1767;22.0;51.03
12/07/2017 1:00;48.0;101.13;21.67;49.07
12/07/2017 1:30;37.0;67.0507;21.0;49.97
12/07/2017 2:00;35.0;61.2277;21.0;51.97
12/07/2017 2:30;32.0;54.81;21.0;58.0
12/07/2017 3:00;30.0;52.2916;20.11;60.89
12/07/2017 3:30;27.0;49.128;20.0;57.6
12/07/2017 4:00;30.0;53.8417;20.0;54.27
12/07/2017 4:30;18.0;42.43;19.1;62.63
